mst_theater_contact_id,mst_idol_id,resource_id,reaction_id,reaction_id2,mst_card_id,room_id,position_id,motion_id
1,1,theater_001har,fure_har_001,fure_har_001,0,0,,
2,1,theater_001har,fure_har_002,fure_har_002,0,0,,
3,1,theater_001har,fure_har_003,fure_har_003,0,0,,
4,2,theater_002chi,fure_chi_001,fure_chi_001,0,0,,
5,2,theater_002chi,fure_chi_002,fure_chi_001,0,0,,
6,2,theater_002chi,fure_chi_003,fure_chi_001,0,0,,
7,3,theater_003mik,fure_mik_001,fure_mik_001,0,0,,
8,3,theater_003mik,fure_mik_002,fure_mik_002,0,0,,
9,3,theater_003mik,fure_mik_003,fure_mik_003,0,0,,
10,4,theater_004yuk,fure_yuk_001,fure_yuk_001,0,0,,
11,4,theater_004yuk,fure_yuk_002,fure_yuk_002,0,0,,
12,4,theater_004yuk,fure_yuk_003,fure_yuk_003,0,0,,
13,5,theater_005yay,fure_yay_001,fure_yay_001,0,0,,
14,5,theater_005yay,fure_yay_002,fure_yay_002,0,0,,
15,5,theater_005yay,fure_yay_003,fure_yay_003,0,0,,
16,6,theater_006mak,fure_mak_001,fure_mak_001,0,0,,
17,6,theater_006mak,fure_mak_002,fure_mak_002,0,0,,
18,6,theater_006mak,fure_mak_003,fure_mak_003,0,0,,
19,7,theater_007ior,fure_ior_001,fure_ior_001,0,0,,
20,7,theater_007ior,fure_ior_002,fure_ior_002,0,0,,
21,7,theater_007ior,fure_ior_003,fure_ior_003,0,0,,
22,8,theater_008tak,fure_tak_001,fure_tak_001,0,0,,
23,8,theater_008tak,fure_tak_002,fure_tak_002,0,0,,
24,8,theater_008tak,fure_tak_003,fure_tak_003,0,0,,
25,9,theater_009rit,fure_rit_001,fure_rit_001,0,0,,
26,9,theater_009rit,fure_rit_002,fure_rit_002,0,0,,
27,9,theater_009rit,fure_rit_003,fure_rit_003,0,0,,
28,10,theater_010azu,fure_azu_001,fure_azu_001,0,0,,
29,10,theater_010azu,fure_azu_002,fure_azu_002,0,0,,
30,10,theater_010azu,fure_azu_003,fure_azu_003,0,0,,
31,11,theater_011ami,fure_ami_001,fure_ami_001,0,0,,
32,11,theater_011ami,fure_ami_002,fure_ami_002,0,0,,
33,11,theater_011ami,fure_ami_003,fure_ami_003,0,0,,
34,12,theater_012mam,fure_mam_001,fure_mam_001,0,0,,
35,12,theater_012mam,fure_mam_002,fure_mam_002,0,0,,
36,12,theater_012mam,fure_mam_003,fure_mam_003,0,0,,
37,13,theater_013hib,fure_hib_001,fure_hib_001,0,0,,
38,13,theater_013hib,fure_hib_002,fure_hib_002,0,0,,
39,13,theater_013hib,fure_hib_003,fure_hib_003,0,0,,
40,14,theater_014mir,fure_mir_001,fure_mir_001,0,0,,
41,14,theater_014mir,fure_mir_002,fure_mir_002,0,0,,
42,14,theater_014mir,fure_mir_003,fure_mir_003,0,0,,
43,15,theater_015siz,fure_siz_001,fure_siz_001,0,0,,
44,15,theater_015siz,fure_siz_002,fure_siz_002,0,0,,
45,15,theater_015siz,fure_siz_003,fure_siz_003,0,0,,
46,16,theater_016tsu,fure_tsu_001,fure_tsu_001,0,0,,
47,16,theater_016tsu,fure_tsu_002,fure_tsu_002,0,0,,
48,16,theater_016tsu,fure_tsu_003,fure_tsu_003,0,0,,
49,17,theater_017kth,fure_kth_001,fure_kth_001,0,0,,
50,17,theater_017kth,fure_kth_002,fure_kth_002,0,0,,
51,17,theater_017kth,fure_kth_003,fure_kth_003,0,0,,
52,18,theater_018ele,fure_ele_001,fure_ele_001,0,0,,
53,18,theater_018ele,fure_ele_002,fure_ele_002,0,0,,
54,18,theater_018ele,fure_ele_003,fure_ele_003,0,0,,
55,19,theater_019min,fure_min_001,fure_min_001,0,0,,
56,19,theater_019min,fure_min_002,fure_min_002,0,0,,
57,19,theater_019min,fure_min_003,fure_min_003,0,0,,
58,20,theater_020meg,fure_meg_001,fure_meg_001,0,0,,
59,20,theater_020meg,fure_meg_002,fure_meg_002,0,0,,
60,20,theater_020meg,fure_meg_003,fure_meg_003,0,0,,
61,21,theater_021mat,fure_mat_001,fure_mat_001,0,0,,
62,21,theater_021mat,fure_mat_002,fure_mat_002,0,0,,
63,21,theater_021mat,fure_mat_003,fure_mat_003,0,0,,
64,22,theater_022ser,fure_ser_001,fure_ser_001,0,0,,
65,22,theater_022ser,fure_ser_002,fure_ser_002,0,0,,
66,22,theater_022ser,fure_ser_003,fure_ser_003,0,0,,
67,23,theater_023aka,fure_aka_001,fure_aka_001,0,0,,
68,23,theater_023aka,fure_aka_002,fure_aka_002,0,0,,
69,23,theater_023aka,fure_aka_003,fure_aka_003,0,0,,
70,24,theater_024ann,fure_ann_001,fure_ann_001,0,0,,
71,24,theater_024ann,fure_ann_002,fure_ann_002,0,0,,
72,24,theater_024ann,fure_ann_003,fure_ann_003,0,0,,
73,25,theater_025roc,fure_roc_001,fure_roc_001,0,0,,
74,25,theater_025roc,fure_roc_002,fure_roc_002,0,0,,
75,25,theater_025roc,fure_roc_003,fure_roc_003,0,0,,
76,26,theater_026yur,fure_yur_001,fure_yur_001,0,0,,
77,26,theater_026yur,fure_yur_002,fure_yur_002,0,0,,
78,26,theater_026yur,fure_yur_003,fure_yur_003,0,0,,
79,27,theater_027say,fure_say_001,fure_say_001,0,0,,
80,27,theater_027say,fure_say_002,fure_say_002,0,0,,
81,27,theater_027say,fure_say_003,fure_say_003,0,0,,
82,28,theater_028ari,fure_ari_001,fure_ari_001,0,0,,
83,28,theater_028ari,fure_ari_002,fure_ari_002,0,0,,
84,28,theater_028ari,fure_ari_003,fure_ari_003,0,0,,
85,29,theater_029umi,fure_umi_001,fure_umi_001,0,0,,
86,29,theater_029umi,fure_umi_002,fure_umi_002,0,0,,
87,29,theater_029umi,fure_umi_003,fure_umi_003,0,0,,
88,30,theater_030iku,fure_iku_001,fure_iku_001,0,0,,
89,30,theater_030iku,fure_iku_002,fure_iku_002,0,0,,
90,30,theater_030iku,fure_iku_003,fure_iku_003,0,0,,
91,31,theater_031tom,fure_tom_001,fure_tom_001,0,0,,
92,31,theater_031tom,fure_tom_002,fure_tom_002,0,0,,
93,31,theater_031tom,fure_tom_003,fure_tom_003,0,0,,
94,32,theater_032emi,fure_emi_001,fure_emi_001,0,0,,
95,32,theater_032emi,fure_emi_002,fure_emi_002,0,0,,
96,32,theater_032emi,fure_emi_003,fure_emi_003,0,0,,
97,33,theater_033sih,fure_sih_001,fure_sih_001,0,0,,
98,33,theater_033sih,fure_sih_002,fure_sih_002,0,0,,
99,33,theater_033sih,fure_sih_003,fure_sih_003,0,0,,
100,34,theater_034ayu,fure_ayu_001,fure_ayu_001,0,0,,
101,34,theater_034ayu,fure_ayu_002,fure_ayu_002,0,0,,
102,34,theater_034ayu,fure_ayu_003,fure_ayu_003,0,0,,
103,35,theater_035hin,fure_hin_001,fure_hin_001,0,0,,
104,35,theater_035hin,fure_hin_002,fure_hin_002,0,0,,
105,35,theater_035hin,fure_hin_003,fure_hin_003,0,0,,
106,36,theater_036kan,fure_kan_001,fure_kan_001,0,0,,
107,36,theater_036kan,fure_kan_002,fure_kan_002,0,0,,
108,36,theater_036kan,fure_kan_003,fure_kan_003,0,0,,
109,37,theater_037nao,fure_nao_001,fure_nao_001,0,0,,
110,37,theater_037nao,fure_nao_002,fure_nao_002,0,0,,
111,37,theater_037nao,fure_nao_003,fure_nao_003,0,0,,
112,38,theater_038chz,fure_chz_001,fure_chz_001,0,0,,
113,38,theater_038chz,fure_chz_002,fure_chz_002,0,0,,
114,38,theater_038chz,fure_chz_003,fure_chz_003,0,0,,
115,39,theater_039kon,fure_kon_001,fure_kon_001,0,0,,
116,39,theater_039kon,fure_kon_002,fure_kon_002,0,0,,
117,39,theater_039kon,fure_kon_003,fure_kon_003,0,0,,
118,40,theater_040tam,fure_tam_001,fure_tam_001,0,0,,
119,40,theater_040tam,fure_tam_002,fure_tam_002,0,0,,
120,40,theater_040tam,fure_tam_003,fure_tam_003,0,0,,
121,41,theater_041fuk,fure_fuk_001,fure_fuk_001,0,0,,
122,41,theater_041fuk,fure_fuk_002,fure_fuk_002,0,0,,
123,41,theater_041fuk,fure_fuk_003,fure_fuk_003,0,0,,
124,42,theater_042miy,fure_miy_001,fure_miy_001,0,0,,
125,42,theater_042miy,fure_miy_002,fure_miy_002,0,0,,
126,42,theater_042miy,fure_miy_003,fure_miy_003,0,0,,
127,43,theater_043nor,fure_nor_001,fure_nor_001,0,0,,
128,43,theater_043nor,fure_nor_002,fure_nor_002,0,0,,
129,43,theater_043nor,fure_nor_003,fure_nor_003,0,0,,
130,44,theater_044miz,fure_miz_001,fure_miz_001,0,0,,
131,44,theater_044miz,fure_miz_002,fure_miz_002,0,0,,
132,44,theater_044miz,fure_miz_003,fure_miz_003,0,0,,
133,45,theater_045kar,fure_kar_001,fure_kar_001,0,0,,
134,45,theater_045kar,fure_kar_002,fure_kar_002,0,0,,
135,45,theater_045kar,fure_kar_003,fure_kar_003,0,0,,
136,46,theater_046rio,fure_rio_001,fure_rio_001,0,0,,
137,46,theater_046rio,fure_rio_002,fure_rio_002,0,0,,
138,46,theater_046rio,fure_rio_003,fure_rio_003,0,0,,
139,47,theater_047sub,fure_sub_001,fure_sub_001,0,0,,
140,47,theater_047sub,fure_sub_002,fure_sub_002,0,0,,
141,47,theater_047sub,fure_sub_003,fure_sub_003,0,0,,
142,48,theater_048rei,fure_rei_001,fure_rei_001,0,0,,
143,48,theater_048rei,fure_rei_002,fure_rei_002,0,0,,
144,48,theater_048rei,fure_rei_003,fure_rei_003,0,0,,
145,49,theater_049mom,fure_mom_001,fure_mom_001,0,0,,
146,49,theater_049mom,fure_mom_002,fure_mom_002,0,0,,
147,49,theater_049mom,fure_mom_003,fure_mom_003,0,0,,
148,50,theater_050jul,fure_jul_001,fure_jul_001,0,0,,
149,50,theater_050jul,fure_jul_002,fure_jul_002,0,0,,
150,50,theater_050jul,fure_jul_003,fure_jul_003,0,0,,
151,51,theater_051tmg,fure_tmg_001,fure_tmg_001,0,0,,
152,51,theater_051tmg,fure_tmg_002,fure_tmg_002,0,0,,
153,51,theater_051tmg,fure_tmg_003,fure_tmg_003,0,0,,
154,52,theater_052kao,fure_kao_001,fure_kao_001,0,0,,
155,52,theater_052kao,fure_kao_002,fure_kao_002,0,0,,
156,52,theater_052kao,fure_kao_003,fure_kao_003,0,0,,
157,1,card_0000_contact,fure_har_SR0053,fure_har_SR0053,202,0,,
158,1,card_0000_contact,fure_har_SR0083,fure_har_SR0083,363,0,,
159,1,card_0000_contact,fure_har_SR0093,fure_har_SR0093,530,0,,
160,1,card_0000_contact,fure_har_SR0103,fure_har_SR0103,553,0,,
161,2,card_0000_contact,fure_chi_SR1,fure_chi_SR1,78,0,,
162,3,card_0000_contact,fure_mik_SR1,fure_mik_SR1,79,0,,
163,4,card_0000_contact,fure_yuk_SR1,fure_yuk_SR1,80,0,,
164,8,card_0000_contact,fure_tak_SR1,fure_tak_SR1,81,0,,
165,9,card_0000_contact,fure_rit_SR1,fure_rit_SR1,82,0,,
166,12,card_0000_contact,fure_mam_SR1,fure_mam_SR1,83,0,,
167,21,card_0000_contact,fure_mat_SR1,fure_mat_SR1,84,0,,
168,23,card_0000_contact,fure_aka_SR1,fure_aka_SR1,85,0,,
169,24,card_0000_contact,fure_ann_SR1,fure_ann_SR1,86,0,,
170,27,card_0000_contact,fure_say_SR1,fure_say_SR1,87,0,,
171,28,card_0000_contact,fure_ari_SR1,fure_ari_SR1,88,0,,
172,29,card_0000_contact,fure_umi_SR1,fure_umi_SR1,89,0,,
173,31,card_0000_contact,fure_tom_SR1,fure_tom_SR1,90,0,,
174,34,card_0000_contact,fure_ayu_SR1,fure_ayu_SR1,91,0,,
175,35,card_0000_contact,fure_hin_SR1,fure_hin_SR1,92,0,,
176,37,card_0000_contact,fure_nao_SR1,fure_nao_SR1,93,0,,
177,41,card_0000_contact,fure_fuk_SR1,fure_fuk_SR1,94,0,,
178,42,card_0000_contact,fure_miy_SR1,fure_miy_SR1,95,0,,
179,43,card_0000_contact,fure_nor_SR1,fure_nor_SR1,96,0,,
180,45,card_0000_contact,fure_kar_SR1,fure_kar_SR1,97,0,,
181,46,card_0000_contact,fure_rio_SR1,fure_rio_SR1,98,0,,
182,47,card_0000_contact,fure_sub_SR1,fure_sub_SR1,99,0,,
183,48,card_0000_contact,fure_rei_SR1,fure_rei_SR1,100,0,,
184,49,card_0000_contact,fure_mom_SR1,fure_mom_SR1,101,0,,
185,50,card_0000_contact,fure_jul_SR1,fure_jul_SR1,102,0,,
186,39,card_0000_contact,fure_kon_SR2,fure_kon_SR2,111,0,,
187,18,card_0000_contact,fure_ele_SR2,fure_ele_SR2,112,0,,
188,44,card_0000_contact,fure_miz_SR2,fure_miz_SR2,113,0,,
189,36,card_0000_contact,fure_kan_SR2,fure_kan_SR2,116,0,,
190,27,card_0000_contact,fure_say_SR2,fure_say_SR2,120,0,,
191,45,card_0000_contact,fure_kar_SR2,fure_kar_SR2,122,0,,
192,33,card_0000_contact,fure_sih_SR2,fure_sih_SR2,124,0,,
193,23,card_0000_contact,fure_aka_SR2,fure_aka_SR2,125,0,,
194,7,card_0000_contact,fure_ior_SR20170822,fure_ior_SR20170822,127,0,,
195,19,card_0000_contact,fure_min_SR20170824,fure_min_SR20170824,129,0,,
196,6,card_0000_contact,fure_mak_20170824,fure_mak_20170824,130,0,,
197,31,card_0000_contact,fure_tom_SR20170831,fure_tom_SR20170831,134,0,,
198,5,card_0000_contact,fure_yay_SR20170908,fure_yay_SR20170908,135,0,,
199,30,card_0000_contact,fure_iku_SR20170908,fure_iku_SR20170908,136,0,,
200,11,card_0000_contact,fure_ami_SR20170909,fure_ami_SR20170909,138,0,,
201,8,card_0000_contact,fure_tak_SR20170922,fure_tak_SR20170922,140,0,,
202,40,card_0000_contact,fure_tam_SR20170922,fure_tam_SR20170922,141,0,,
203,37,card_0000_contact,fure_nao_SR20170922,fure_nao_SR20170922,144,0,,
204,26,card_0000_contact,fure_yur_SR0043,fure_yur_SR0043,146,0,,
205,44,card_0000_contact,fure_miz_SR0043,fure_miz_SR0043,147,0,,
206,23,card_0000_contact,fure_aka_SR0043,fure_aka_SR0043,150,0,,
207,4,card_0000_contact,fure_yuk_SR0033,fure_yuk_SR0033,152,0,,
208,22,card_0000_contact,fure_ser_SR0043,fure_ser_SR0043,154,0,,
209,32,card_0000_contact,fure_emi_SR0043,fure_emi_SR0043,155,0,,
210,15,card_0000_contact,fure_siz_SR0043,fure_siz_SR0043,157,0,,
211,51,card_0000_contact,fure_tmg_SR0043,fure_tmg_SR0043,158,0,,
212,10,card_0000_contact,fure_azu_SR0043,fure_azu_SR0043,160,0,,
213,36,card_0000_contact,fure_kan_SR0053,fure_kan_SR0053,164,0,,
214,46,card_0000_contact,fure_rio_SR0043,fure_rio_SR0043,165,0,,
215,18,card_0000_contact,fure_ele_SR0043,fure_ele_SR0043,166,0,,
216,29,card_0000_contact,fure_umi_SR0043,fure_umi_SR0043,167,0,,
217,47,card_0000_contact,fure_sub_SR0033,fure_sub_SR0033,168,0,,
218,20,card_0000_contact,fure_meg_SR0043,fure_meg_SR0043,171,0,,
219,43,card_0000_contact,fure_nor_SR0043,fure_nor_SR0043,174,0,,
220,16,card_0000_contact,fure_tsu_SR0043,fure_tsu_SR0043,176,0,,
221,52,card_0000_contact,fure_kao_SR0043,fure_kao_SR0043,177,0,,
222,44,card_0000_contact,fure_miz_SR0053,fure_miz_SR0053,180,0,,
223,12,card_0000_contact,fure_mam_SR0033,fure_mam_SR0033,181,0,,
224,19,card_0000_contact,fure_min_SR0053,fure_min_SR0053,182,0,,
225,42,card_0000_contact,fure_miy_SR0053,fure_miy_SR0053,184,0,,
226,25,card_0000_contact,fure_roc_SR0033,fure_roc_SR0033,186,0,,
227,48,card_0000_contact,fure_rei_SR0043,fure_rei_SR0043,187,0,,
228,9,card_0000_contact,fure_rit_SR0043,fure_rit_SR0043,190,0,,
229,14,card_0000_contact,fure_mir_SR0043,fure_mir_SR0043,192,0,,
230,21,card_0000_contact,fure_mat_SR0043,fure_mat_SR0043,193,0,,
231,35,card_0000_contact,fure_hin_SR0043,fure_hin_SR0043,198,0,,
232,28,card_0000_contact,fure_ari_SR0043,fure_ari_SR0043,199,0,,
233,49,card_0000_contact,fure_mom_SR0043,fure_mom_SR0043,200,0,,
234,39,card_0000_contact,fure_kon_SR0043,fure_kon_SR0043,201,0,,
235,33,card_0000_contact,fure_sih_SR0053,fure_sih_SR0053,206,0,,
236,38,card_0000_contact,fure_chz_SR0043,fure_chz_SR0043,208,0,,
237,31,card_0000_contact,fure_tom_SR0043,fure_tom_SR0043,209,0,,
238,13,card_0000_contact,fure_hib_SR0043,fure_hib_SR0043,211,0,,
239,32,card_0000_contact,fure_emi_SR0053,fure_emi_SR0053,215,0,,
240,7,card_0000_contact,fure_ior_SR0053,fure_ior_SR0053,216,0,,
241,11,card_0000_contact,fure_ami_SR0053,fure_ami_SR0053,217,0,,
242,4,card_0000_contact,fure_yuk_SR0053,fure_yuk_SR0053,219,0,,
243,9,card_0000_contact,fure_rit_SR0053,fure_rit_SR0053,220,0,,
244,21,card_0000_contact,fure_mat_SR0053,fure_mat_SR0053,224,0,,
245,17,card_0000_contact,fure_kth_SR0033,fure_kth_SR0033,227,0,,
246,18,card_0000_contact,fure_ele_SR0053,fure_ele_SR0053,228,0,,
247,42,card_0000_contact,fure_miy_SR0063,fure_miy_SR0063,229,0,,
248,46,card_0000_contact,fure_rio_SR0053,fure_rio_SR0053,231,0,,
249,50,card_0000_contact,fure_jul_SR0053,fure_jul_SR0053,235,0,,
250,3,card_0000_contact,fure_mik_SR0043,fure_mik_SR0043,236,0,,
251,47,card_0000_contact,fure_sub_SR0053,fure_sub_SR0053,237,0,,
252,20,card_0000_contact,fure_meg_SR0053,fure_meg_SR0053,238,0,,
253,36,card_0000_contact,fure_kan_SR0063,fure_kan_SR0063,239,0,,
254,24,card_0000_contact,fure_ann_SR0053,fure_ann_SR0053,243,0,,
255,30,card_0000_contact,fure_iku_SR0053,fure_iku_SR0053,245,0,,
256,26,card_0000_contact,fure_yur_SR0053,fure_yur_SR0053,246,0,,
257,16,card_0000_contact,fure_tsu_SR0053,fure_tsu_SR0053,248,0,,
258,12,card_0000_contact,fure_mam_SR0053,fure_mam_SR0053,254,0,,
259,17,card_0000_contact,fure_kth_SR0043,fure_kth_SR0043,255,0,,
260,20,card_0000_contact,fure_meg_SR0063,fure_meg_SR0063,256,0,,
261,35,card_0000_contact,fure_hin_SR0053,fure_hin_SR0053,257,0,,
262,37,card_0000_contact,fure_nao_SR0063,fure_nao_SR0063,258,0,,
263,40,card_0000_contact,fure_tam_SR0053,fure_tam_SR0053,262,0,,
264,44,card_0000_contact,fure_miz_SR0073,fure_miz_SR0073,264,0,,
265,33,card_0000_contact,fure_sih_SR0063,fure_sih_SR0063,265,0,,
266,19,card_0000_contact,fure_min_SR0063,fure_min_SR0063,267,0,,
267,30,card_0000_contact,fure_iku_SR0063,fure_iku_SR0063,271,0,,
268,34,card_0000_contact,fure_ayu_SR0053,fure_ayu_SR0053,272,0,,
269,10,card_0000_contact,fure_azu_SR0073,fure_azu_SR0073,273,0,,
270,43,card_0000_contact,fure_nor_SR0063,fure_nor_SR0063,274,0,,
271,38,card_0000_contact,fure_chz_SR0053,fure_chz_SR0053,275,0,,
272,2,card_0000_contact,fure_chi_SR0053,fure_chi_SR0053,279,0,,
273,52,card_0000_contact,fure_kao_SR0063,fure_kao_SR0063,281,0,,
274,41,card_0000_contact,fure_fuk_SR0053,fure_fuk_SR0053,282,0,,
275,26,card_0000_contact,fure_yur_SR0063,fure_yur_SR0063,284,0,,
276,22,card_0000_contact,fure_ser_SR0063,fure_ser_SR0063,288,0,,
277,32,card_0000_contact,fure_emi_SR0073,fure_emi_SR0073,289,0,,
278,50,card_0000_contact,fure_jul_SR0063,fure_jul_SR0063,290,0,,
279,28,card_0000_contact,fure_ari_SR0063,fure_ari_SR0063,293,0,,
280,31,card_0000_contact,fure_tom_SR0063,fure_tom_SR0063,295,0,,
281,23,card_0000_contact,fure_aka_SR0063,fure_aka_SR0063,296,0,,
282,27,card_0000_contact,fure_say_SR0063,fure_say_SR0063,298,0,,
283,29,card_0000_contact,fure_umi_SR0063,fure_umi_SR0063,299,0,,
284,8,card_0000_contact,fure_tak_SR0073,fure_tak_SR0073,301,0,,
285,25,card_0000_contact,fure_roc_SR0063,fure_roc_SR0063,308,0,,
286,51,card_0000_contact,fure_tmg_SR0083,fure_tmg_SR0083,365,0,,
287,14,card_0000_contact,fure_mir_SR0083,fure_mir_SR0083,366,0,,
288,35,card_0000_contact,fure_hin_SR0073,fure_hin_SR0073,370,0,,
289,47,card_0000_contact,fure_sub_SR0083,fure_sub_SR0083,371,0,,
290,45,card_0000_contact,fure_kar_SR0073,fure_kar_SR0073,372,0,,
291,201,card_0000_contact,fure_xxx_SR0013,fure_xxx_SR0013,373,0,,
292,6,card_0000_contact,fure_mak_SR0073,fure_mak_SR0073,376,0,,
293,36,card_0000_contact,fure_kan_SR0083,fure_kan_SR0083,377,0,,
294,16,card_0000_contact,fure_tsu_SR0083,fure_tsu_SR0083,378,0,,
295,5,card_0000_contact,fure_yay_SR0073,fure_yay_SR0073,381,0,,
296,10,card_0000_contact,fure_azu_SR0093,fure_azu_SR0093,383,0,,
297,50,card_0000_contact,fure_jul_SR0083,fure_jul_SR0083,384,0,,
298,37,card_0000_contact,fure_nao_SR0093,fure_nao_SR0093,388,0,,
299,29,card_0000_contact,fure_umi_SR0083,fure_umi_SR0083,389,0,,
300,20,card_0000_contact,fure_meg_SR0093,fure_meg_SR0093,390,0,,
301,38,card_0000_contact,fure_chz_SR0083,fure_chz_SR0083,393,0,,
302,31,card_0000_contact,fure_tom_SR0083,fure_tom_SR0083,394,0,,
303,48,card_0000_contact,fure_rei_SR0073,fure_rei_SR0073,395,0,,
304,29,card_0000_contact,fure_umi_SR0093,fure_umi_SR0093,398,0,,
305,26,card_0000_contact,fure_yur_SR0093,fure_yur_SR0093,400,0,,
306,34,card_0000_contact,fure_ayu_SR0073,fure_ayu_SR0073,401,0,,
307,15,card_0000_contact,fure_siz_SR0083,fure_siz_SR0083,405,0,,
308,52,card_0000_contact,fure_kao_SR0083,fure_kao_SR0083,406,0,,
309,24,card_0000_contact,fure_ann_SR0083,fure_ann_SR0083,407,0,,
310,45,card_0000_contact,fure_kar_SR0083,fure_kar_SR0083,412,0,,
311,22,card_0000_contact,fure_ser_SR0083,fure_ser_SR0083,413,0,,
312,14,card_0000_contact,fure_mir_SR0093,fure_mir_SR0093,414,0,,
313,15,card_0000_contact,fure_siz_SR0093,fure_siz_SR0093,417,0,,
314,33,card_0000_contact,fure_sih_SR0103,fure_sih_SR0103,419,0,,
315,11,card_0000_contact,fure_ami_SR0093,fure_ami_SR0093,420,0,,
316,39,card_0000_contact,fure_kon_SR0093,fure_kon_SR0093,424,0,,
317,17,card_0000_contact,fure_kth_SR0073,fure_kth_SR0073,425,0,,
318,49,card_0000_contact,fure_mom_SR0083,fure_mom_SR0083,426,0,,
319,14,card_0000_contact,fure_mir_SR0103,fure_mir_SR0103,429,0,,
320,40,card_0000_contact,fure_tam_SR0083,fure_tam_SR0083,430,0,,
321,12,card_0000_contact,fure_mam_SR0093,fure_mam_SR0093,431,0,,
322,3,card_0000_contact,fure_mik_SR0073,fure_mik_SR0073,434,0,,
323,52,card_0000_contact,fure_kao_SR0093,fure_kao_SR0093,436,0,,
324,13,card_0000_contact,fure_hib_SR0083,fure_hib_SR0083,437,0,,
325,21,card_0000_contact,fure_mat_SR0093,fure_mat_SR0093,440,0,,
326,50,card_0000_contact,fure_jul_SR0093,fure_jul_SR0093,442,0,,
327,15,card_0000_contact,fure_siz_SR0103,fure_siz_SR0103,443,0,,
328,18,card_0000_contact,fure_ele_SR0103,fure_ele_SR0103,446,0,,
329,13,card_0000_contact,fure_hib_SR0093,fure_hib_SR0093,447,0,,
330,37,card_0000_contact,fure_nao_SR0103,fure_nao_SR0103,448,0,,
331,17,card_0000_contact,fure_kth_SR0083,fure_kth_SR0083,451,0,,
332,44,card_0000_contact,fure_miz_SR0113,fure_miz_SR0113,453,0,,
333,41,card_0000_contact,fure_fuk_SR0083,fure_fuk_SR0083,454,0,,
334,34,card_0000_contact,fure_ayu_SR0093,fure_ayu_SR0093,457,0,,
335,45,card_0000_contact,fure_kar_SR0103,fure_kar_SR0103,459,0,,
336,23,card_0000_contact,fure_aka_SR0093,fure_aka_SR0093,460,0,,
337,12,card_0000_contact,fure_mam_SR0103,fure_mam_SR0103,465,0,,
338,20,card_0000_contact,fure_meg_SR0103,fure_meg_SR0103,466,0,,
339,44,card_0000_contact,fure_miz_SR0123,fure_miz_SR0123,467,0,,
340,49,card_0000_contact,fure_mom_SR0093,fure_mom_SR0093,470,0,,
341,28,card_0000_contact,fure_ari_SR0093,fure_ari_SR0093,472,0,,
342,2,card_0000_contact,fure_chi_SR0093,fure_chi_SR0093,473,0,,
343,42,card_0000_contact,fure_miy_SR0093,fure_miy_SR0093,476,0,,
344,51,card_0000_contact,fure_tmg_SR0103,fure_tmg_SR0103,477,0,,
345,21,card_0000_contact,fure_mat_SR0103,fure_mat_SR0103,478,0,,
346,32,card_0000_contact,fure_emi_SR0103,fure_emi_SR0103,479,0,,
347,36,card_0000_contact,fure_kan_SR0113,fure_kan_SR0113,482,0,,
348,24,card_0000_contact,fure_ann_SR0093,fure_ann_SR0093,483,0,,
349,26,card_0000_contact,fure_yur_SR0113,fure_yur_SR0113,484,0,,
350,7,card_0000_contact,fure_ior_SR0103,fure_ior_SR0103,487,0,,
351,46,card_0000_contact,fure_rio_SR0093,fure_rio_SR0093,489,0,,
352,42,card_0000_contact,fure_miy_SR0103,fure_miy_SR0103,490,0,,
353,2,card_0000_contact,fure_chi_SR0103,fure_chi_SR0103,493,0,,
354,17,card_0000_contact,fure_kth_SR0093,fure_kth_SR0093,494,0,,
355,25,card_0000_contact,fure_roc_SR0093,fure_roc_SR0093,495,0,,
356,34,card_0000_contact,fure_ayu_SR0103,fure_ayu_SR0103,496,0,,
357,30,card_0000_contact,fure_iku_SR0113,fure_iku_SR0113,499,0,,
358,43,card_0000_contact,fure_nor_SR0103,fure_nor_SR0103,500,0,,
359,19,card_0000_contact,fure_min_SR0103,fure_min_SR0103,501,0,,
360,48,card_0000_contact,fure_rei_SR0093,fure_rei_SR0093,504,0,,
361,16,card_0000_contact,fure_tsu_SR0113,fure_tsu_SR0113,506,0,,
362,4,card_0000_contact,fure_yuk_SR0093,fure_yuk_SR0093,507,0,,
363,33,card_0000_contact,fure_sih_SR0123,fure_sih_SR0123,510,0,,
364,32,card_0000_contact,fure_emi_SR0113,fure_emi_SR0113,511,0,,
365,35,card_0000_contact,fure_hin_SR0103,fure_hin_SR0103,512,0,,
366,22,card_0000_contact,fure_ser_SR0103,fure_ser_SR0103,513,0,,
367,26,card_0000_contact,fure_yur_SR0123,fure_yur_SR0123,517,0,,
368,27,card_0000_contact,fure_say_SR0103,fure_say_SR0103,518,0,,
369,17,card_0000_contact,fure_kth_SR0113,fure_kth_SR0113,521,0,,
370,16,card_0000_contact,fure_tsu_SR0123,fure_tsu_SR0123,522,0,,
371,29,card_0000_contact,fure_umi_SR0133,fure_umi_SR0133,523,0,,
372,51,card_0000_contact,fure_tmg_SR0113,fure_tmg_SR0113,524,0,,
373,50,card_0000_contact,fure_jul_SR0113,fure_jul_SR0113,525,0,,
374,28,card_0000_contact,fure_ari_SR0103,fure_ari_SR0103,528,0,,
375,18,card_0000_contact,fure_ele_SR0113,fure_ele_SR0113,531,0,,
376,24,card_0000_contact,fure_ann_SR0103,fure_ann_SR0103,534,0,,
377,7,card_0000_contact,fure_ior_SR0113,fure_ior_SR0113,535,0,,
378,14,card_0000_contact,fure_mir_SR0123,fure_mir_SR0123,536,0,,
379,36,card_0000_contact,fure_kan_SR0123,fure_kan_SR0123,537,0,,
380,41,card_0000_contact,fure_fuk_SR0103,fure_fuk_SR0103,540,0,,
381,47,card_0000_contact,fure_sub_SR0103,fure_sub_SR0103,541,0,,
382,15,card_0000_contact,fure_siz_SR0123,fure_siz_SR0123,542,0,,
383,39,card_0000_contact,fure_kon_SR0113,fure_kon_SR0113,545,0,,
384,7,card_0000_contact,fure_ior_SR0123,fure_ior_SR0123,547,0,,
385,16,card_0000_contact,fure_tsu_SR0133,fure_tsu_SR0133,548,0,,
386,30,card_0000_contact,fure_iku_SR0123,fure_iku_SR0123,551,0,,
387,48,card_0000_contact,fure_rei_SR0103,fure_rei_SR0103,552,0,,
388,2,card_0000_contact,fure_chi_SR0113,fure_chi_SR0113,554,0,,
389,31,card_0000_contact,fure_tom_SR0133,fure_tom_SR0133,557,0,,
390,23,card_0000_contact,fure_aka_SR0113,fure_aka_SR0113,558,0,,
391,25,card_0000_contact,fure_roc_SR0113,fure_roc_SR0113,559,0,,
392,33,card_0000_contact,fure_sih_SR0133,fure_sih_SR0133,562,0,,
393,5,card_0000_contact,fure_yay_SR0103,fure_yay_SR0103,564,0,,
394,27,card_0000_contact,fure_say_SR0113,fure_say_SR0113,565,0,,
395,10,card_0000_contact,fure_azu_SR0113,fure_azu_SR0113,568,0,,
396,28,card_0000_contact,fure_ari_SR0113,fure_ari_SR0113,569,0,,
397,41,card_0000_contact,fure_fuk_SR0113,fure_fuk_SR0113,570,0,,
398,46,card_0000_contact,fure_rio_SR0103,fure_rio_SR0103,571,0,,
399,29,card_0000_contact,fure_umi_SR0143,fure_umi_SR0143,629,0,,
400,8,card_0000_contact,fure_tak_SR0103,fure_tak_SR0103,630,0,,
401,10,card_0000_contact,fure_azu_SR0133,fure_azu_SR0133,633,0,,
402,27,card_0000_contact,fure_say_SR0133,fure_say_SR0133,634,0,,
403,28,card_0000_contact,fure_ari_SR0133,fure_ari_SR0133,636,0,,
404,45,card_0000_contact,fure_kar_SR0133,fure_kar_SR0133,637,0,,
405,38,card_0000_contact,fure_chz_SR0123,fure_chz_SR0123,640,0,,
406,40,card_0000_contact,fure_tam_SR0113,fure_tam_SR0113,641,0,,
407,26,card_0000_contact,fure_yur_SR0143,fure_yur_SR0143,642,0,,
408,47,card_0000_contact,fure_sub_SR0123,fure_sub_SR0123,643,0,,
409,48,card_0000_contact,fure_rei_SR0123,fure_rei_SR0123,646,0,,
410,36,card_0000_contact,fure_kan_SR0153,fure_kan_SR0153,647,0,,
411,37,card_0000_contact,fure_nao_SR0133,fure_nao_SR0133,648,0,,
412,35,card_0000_contact,fure_hin_SR0133,fure_hin_SR0133,649,0,,
413,49,card_0000_contact,fure_mom_SR0123,fure_mom_SR0123,652,0,,
414,12,card_0000_contact,fure_mam_SR0133,fure_mam_SR0133,653,0,,
415,9,card_0000_contact,fure_rit_SR0103,fure_rit_SR0103,655,0,,
416,32,card_0000_contact,fure_emi_SR0153,fure_emi_SR0153,656,0,,
417,21,card_0000_contact,fure_mat_SR0133,fure_mat_SR0133,659,0,,
418,50,card_0000_contact,fure_jul_SR0143,fure_jul_SR0143,660,0,,
419,4,card_0000_contact,fure_yuk_SR0133,fure_yuk_SR0133,661,0,,
420,3,card_0000_contact,fure_mik_SR0113,fure_mik_SR0113,662,0,,
421,19,card_0000_contact,fure_min_SR0133,fure_min_SR0133,665,0,,
422,35,card_0000_contact,fure_hin_SR0143,fure_hin_SR0143,666,0,,
423,36,card_0000_contact,fure_kan_SR0163,fure_kan_SR0163,667,0,,
424,48,card_0000_contact,fure_rei_SR0133,fure_rei_SR0133,668,0,,
425,47,card_0000_contact,fure_sub_SR0133,fure_sub_SR0133,671,0,,
426,3,card_0000_contact,fure_mik_SR0133,fure_mik_SR0133,672,0,,
427,45,card_0000_contact,fure_kar_SR0143,fure_kar_SR0143,674,0,,
428,34,card_0000_contact,fure_ayu_SR0143,fure_ayu_SR0143,675,0,,
429,21,card_0000_contact,fure_mat_SR0143,fure_mat_SR0143,679,0,,
430,22,card_0000_contact,fure_ser_SR0143,fure_ser_SR0143,680,0,,
431,49,card_0000_contact,fure_mom_SR0133,fure_mom_SR0133,681,0,,
432,25,card_0000_contact,fure_roc_SR0143,fure_roc_SR0143,682,0,,
433,33,card_0000_contact,fure_sih_SR0163,fure_sih_SR0163,683,0,,
434,26,card_0000_contact,fure_yur_SR0173,fure_yur_SR0173,684,0,,
435,1,card_0000_contact,fure_har_SSR1,fure_har_SSR0034,103,3,thea03_5,DUR01_007
436,14,card_0000_contact,fure_mir_SSR1,fure_mir_SSR1,104,3,thea03_5,DUR01_007
437,15,card_0000_contact,fure_siz_SSR1,fure_siz_SSR1,105,3,thea03_5,DUR01_007
438,16,card_0000_contact,fure_tsu_SSR1,fure_tsu_SSR1,106,3,thea03_5,DUR01_007
439,51,card_0000_contact,fure_tmg_SSR1,fure_tmg_SSR1,107,3,thea03_5,DUR01_007
440,52,card_0000_contact,fure_kao_SSR1,fure_kao_SSR1,108,3,thea03_5,DUR01_007
441,26,card_0000_contact,fure_yur_SSR1,fure_yur_SSR1,109,3,thea03_5,DUR01_007
442,8,card_0000_contact,fure_tak_SSR1,fure_tak_SSR1,110,3,thea03_5,DUR01_007
443,22,card_0000_contact,fure_ser_SSR1,fure_ser_SSR1,115,3,thea03_5,DUR01_007
444,20,card_0000_contact,fure_meg_SSR1,fure_meg_SSR1,118,3,thea03_5,DUR01_007
445,10,card_0000_contact,fure_azu_SSR1,fure_azu_SSR1,119,3,thea03_5,DUR01_007
446,32,card_0000_contact,fure_emi_SSR1,fure_emi_SSR1,121,3,thea03_5,DUR01_007
447,42,card_0000_contact,fure_miy_SSR1,fure_miy_SSR1,126,3,thea03_5,DUR01_007
448,41,card_0000_contact,fure_fuk_SSR1,fure_fuk_SSR1,132,3,thea03_5,DUR01_007
449,13,card_0000_contact,fure_hib_SSR1,fure_hib_SSR1,133,3,thea03_5,DUR01_007
450,50,card_0000_contact,fure_jul_SSR1,fure_jul_SSR1,137,3,thea03_5,DUR01_007
451,36,card_0000_contact,fure_kan_SSR1,fure_kan_SSR1,143,3,thea03_5,DUR01_007
452,19,card_0000_contact,fure_min_SSR0044,fure_min_SSR0044,148,3,thea03_5,DUR01_007
453,7,card_0000_contact,fure_ior_SSR0044,fure_ior_SSR0044,149,3,thea03_5,DUR01_007
454,35,card_0000_contact,fure_hin_SSR0034,fure_hin_SSR0034,151,3,thea03_5,DUR01_007
455,38,card_0000_contact,fure_chz_SSR0034,fure_chz_SSR0034,159,3,thea03_5,DUR01_007
456,33,card_0000_contact,fure_sih_SSR0044,fure_sih_SSR0044,162,3,thea03_5,DUR01_007
457,11,card_0000_contact,fure_ami_SSR0044,fure_ami_SSR0044,163,3,thea03_5,DUR01_007
458,30,card_0000_contact,fure_iku_SSR0044,fure_iku_SSR0044,170,3,thea03_5,DUR01_007
459,40,card_0000_contact,fure_tam_SSR0044,fure_tam_SSR0044,173,3,thea03_5,DUR01_007
460,24,card_0000_contact,fure_ann_SSR0044,fure_ann_SSR0044,178,3,thea03_5,DUR01_007
461,4,card_0000_contact,fure_yuk_SSR0044,fure_yuk_SSR0044,179,3,thea03_5,DUR01_007
462,34,card_0000_contact,fure_ayu_SSR0044,fure_ayu_SSR0044,183,3,thea03_5,DUR01_007
463,27,card_0000_contact,fure_say_SSR0044,fure_say_SSR0044,189,3,thea03_5,DUR01_007
464,51,card_0000_contact,fure_tmg_SSR0054,fure_tmg_SSR0054,194,3,thea03_5,DUR01_007
465,52,card_0000_contact,fure_kao_SSR0054,fure_kao_SSR0054,195,3,thea03_5,DUR01_007
466,37,card_0000_contact,fure_nao_SSR0054,fure_nao_SSR0054,196,3,thea03_5,DUR01_007
467,2,card_0000_contact,fure_chi_SSR0044,fure_chi_SSR0044,197,3,thea03_5,DUR01_007
468,1,card_0000_contact,fure_har_SSR0064,fure_har_SSR0064,204,3,thea03_5,DUR01_007
469,45,card_0000_contact,fure_kar_SSR0044,fure_kar_SSR0044,205,3,thea03_5,DUR01_007
470,47,card_0000_contact,fure_sub_SSR0044,fure_sub_SSR0044,210,3,thea03_5,DUR01_007
471,44,card_0000_contact,fure_miz_SSR0064,fure_miz_SSR0064,213,3,thea03_5,DUR01_007
472,12,card_0000_contact,fure_mam_SSR0044,fure_mam_SSR0044,214,3,thea03_5,DUR01_007
473,8,card_0000_contact,fure_tak_SSR0054,fure_tak_SSR0054,222,3,thea03_5,DUR01_007
474,29,card_0000_contact,fure_umi_SSR0054,fure_umi_SSR0054,223,3,thea03_5,DUR01_007
475,48,card_0000_contact,fure_rei_SSR0054,fure_rei_SSR0054,230,3,thea03_5,DUR01_007
476,39,card_0000_contact,fure_kon_SSR0054,fure_kon_SSR0054,233,3,thea03_5,DUR01_007
477,6,card_0000_contact,fure_mak_SSR0054,fure_mak_SSR0054,234,3,thea03_5,DUR01_007
478,10,card_0000_contact,fure_azu_SSR0064,fure_azu_SSR0064,241,3,thea03_5,DUR01_007
479,49,card_0000_contact,fure_mom_SSR0054,fure_mom_SSR0054,242,3,thea03_5,DUR01_007
480,43,card_0000_contact,fure_nor_SSR0054,fure_nor_SSR0054,247,3,thea03_5,DUR01_007
481,22,card_0000_contact,fure_ser_SSR0054,fure_ser_SSR0054,250,3,thea03_5,DUR01_007
482,32,card_0000_contact,fure_emi_SSR0064,fure_emi_SSR0064,251,3,thea03_5,DUR01_007
483,28,card_0000_contact,fure_ari_SSR0054,fure_ari_SSR0054,252,3,thea03_5,DUR01_007
484,9,card_0000_contact,fure_rit_SSR0064,fure_rit_SSR0064,253,3,thea03_5,DUR01_007
485,13,card_0000_contact,fure_hib_SSR0054,fure_hib_SSR0054,260,3,thea03_5,DUR01_007
486,18,card_0000_contact,fure_ele_SSR0064,fure_ele_SSR0064,261,3,thea03_5,DUR01_007
487,31,card_0000_contact,fure_tom_SSR0054,fure_tom_SSR0054,266,3,thea03_5,DUR01_007
488,46,card_0000_contact,fure_rio_SSR0064,fure_rio_SSR0064,269,3,thea03_5,DUR01_007
489,5,card_0000_contact,fure_yay_SSR0054,fure_yay_SSR0054,270,3,thea03_5,DUR01_007
490,7,card_0000_contact,fure_ior_SSR0064,fure_ior_SSR0064,277,3,thea03_5,DUR01_007
491,21,card_0000_contact,fure_mat_SSR0064,fure_mat_SSR0064,278,3,thea03_5,DUR01_007
492,23,card_0000_contact,fure_aka_SSR0054,fure_aka_SSR0054,283,3,thea03_5,DUR01_007
493,17,card_0000_contact,fure_kth_SSR0054,fure_kth_SSR0054,286,3,thea03_5,DUR01_007
494,3,card_0000_contact,fure_mik_SSR0054,fure_mik_SSR0054,287,3,thea03_5,DUR01_007
495,11,card_0000_contact,fure_ami_SSR0074,fure_ami_SSR0074,291,3,thea03_5,DUR01_007
496,25,card_0000_contact,fure_roc_SSR0054,fure_roc_SSR0054,292,3,thea03_5,DUR01_007
497,37,card_0000_contact,fure_nao_SSR0074,fure_nao_SSR0074,300,3,thea03_5,DUR01_007
498,38,card_0000_contact,fure_chz_SSR0064,fure_chz_SSR0064,306,3,thea03_5,DUR01_007
499,39,card_0000_contact,fure_kon_SSR0074,fure_kon_SSR0074,307,3,thea03_5,DUR01_007
500,4,card_0000_contact,fure_yuk_SSR0084,fure_yuk_SSR0084,361,3,thea03_5,DUR01_007
501,24,card_0000_contact,fure_ann_SSR0074,fure_ann_SSR0074,362,3,thea03_5,DUR01_007
502,20,card_0000_contact,fure_meg_SSR0084,fure_meg_SSR0084,368,3,thea03_5,DUR01_007
503,26,card_0000_contact,fure_yur_SSR0084,fure_yur_SSR0084,369,3,thea03_5,DUR01_007
504,18,card_0000_contact,fure_ele_SSR0084,fure_ele_SSR0084,374,3,thea03_5,DUR01_007
505,33,card_0000_contact,fure_sih_SSR0094,fure_sih_SSR0094,375,3,thea03_5,DUR01_007
506,2,card_0000_contact,fure_chi_SSR0084,fure_chi_SSR0084,379,3,thea03_5,DUR01_007
507,19,card_0000_contact,fure_min_SSR0094,fure_min_SSR0094,380,3,thea03_5,DUR01_007
508,41,card_0000_contact,fure_fuk_SSR0074,fure_fuk_SSR0074,386,3,thea03_5,DUR01_007
509,27,card_0000_contact,fure_say_SSR0084,fure_say_SSR0084,387,3,thea03_5,DUR01_007
510,21,card_0000_contact,fure_mat_SSR0084,fure_mat_SSR0084,391,3,thea03_5,DUR01_007
511,40,card_0000_contact,fure_tam_SSR0074,fure_tam_SSR0074,392,3,thea03_5,DUR01_007
512,12,card_0000_contact,fure_mam_SSR0084,fure_mam_SSR0084,396,3,thea03_5,DUR01_007
513,49,card_0000_contact,fure_mom_SSR0074,fure_mom_SSR0074,397,3,thea03_5,DUR01_007
514,42,card_0000_contact,fure_miy_SSR0084,fure_miy_SSR0084,403,3,thea03_5,DUR01_007
515,46,card_0000_contact,fure_rio_SSR0084,fure_rio_SSR0084,404,3,thea03_5,DUR01_007
516,5,card_0000_contact,fure_yay_SSR0084,fure_yay_SSR0084,408,3,thea03_5,DUR01_007
517,7,card_0000_contact,fure_ior_SSR0084,fure_ior_SSR0084,409,3,thea03_5,DUR01_007
518,34,card_0000_contact,fure_ayu_SSR0084,fure_ayu_SSR0084,410,3,thea03_5,DUR01_007
519,28,card_0000_contact,fure_ari_SSR0084,fure_ari_SSR0084,411,3,thea03_5,DUR01_007
520,6,card_0000_contact,fure_mak_SSR0084,fure_mak_SSR0084,415,3,thea03_5,DUR01_007
521,35,card_0000_contact,fure_hin_SSR0084,fure_hin_SSR0084,416,3,thea03_5,DUR01_007
522,51,card_0000_contact,fure_tmg_SSR0094,fure_tmg_SSR0094,422,3,thea03_5,DUR01_007
523,44,card_0000_contact,fure_miz_SSR0104,fure_miz_SSR0104,423,3,thea03_5,DUR01_007
524,45,card_0000_contact,fure_kar_SSR0094,fure_kar_SSR0094,427,3,thea03_5,DUR01_007
525,31,card_0000_contact,fure_tom_SSR0094,fure_tom_SSR0094,428,3,thea03_5,DUR01_007
526,9,card_0000_contact,fure_rit_SSR0084,fure_rit_SSR0084,432,3,thea03_5,DUR01_007
527,29,card_0000_contact,fure_umi_SSR0104,fure_umi_SSR0104,433,3,thea03_5,DUR01_007
528,25,card_0000_contact,fure_roc_SSR0084,fure_roc_SSR0084,439,3,thea03_5,DUR01_007
529,27,card_0000_contact,fure_say_SSR0094,fure_say_SSR0094,444,3,thea03_5,DUR01_007
530,48,card_0000_contact,fure_rei_SSR0084,fure_rei_SSR0084,445,3,thea03_5,DUR01_007
531,5,card_0000_contact,fure_yay_SSR0094,fure_yay_SSR0094,449,3,thea03_5,DUR01_007
532,38,card_0000_contact,fure_chz_SSR0094,fure_chz_SSR0094,450,3,thea03_5,DUR01_007
533,10,card_0000_contact,fure_azu_SSR0104,fure_azu_SSR0104,456,3,thea03_5,DUR01_007
534,33,card_0000_contact,fure_sih_SSR0114,fure_sih_SSR0114,461,3,thea03_5,DUR01_007
535,36,card_0000_contact,fure_kan_SSR0104,fure_kan_SSR0104,462,3,thea03_5,DUR01_007
536,50,card_0000_contact,fure_jul_SSR0104,fure_jul_SSR0104,463,3,thea03_5,DUR01_007
537,43,card_0000_contact,fure_nor_SSR0094,fure_nor_SSR0094,464,3,thea03_5,DUR01_007
538,3,card_0000_contact,fure_mik_SSR0084,fure_mik_SSR0084,468,3,thea03_5,DUR01_007
539,14,card_0000_contact,fure_mir_SSR0114,fure_mir_SSR0114,469,3,thea03_5,DUR01_007
540,30,card_0000_contact,fure_iku_SSR0104,fure_iku_SSR0104,475,3,thea03_5,DUR01_007
541,23,card_0000_contact,fure_aka_SSR0104,fure_aka_SSR0104,480,3,thea03_5,DUR01_007
542,47,card_0000_contact,fure_sub_SSR0094,fure_sub_SSR0094,481,3,thea03_5,DUR01_007
543,37,card_0000_contact,fure_nao_SSR0114,fure_nao_SSR0114,485,3,thea03_5,DUR01_007
544,39,card_0000_contact,fure_kon_SSR0104,fure_kon_SSR0104,486,3,thea03_5,DUR01_007
545,15,card_0000_contact,fure_siz_SSR0114,fure_siz_SSR0114,492,3,thea03_5,DUR01_007
546,29,card_0000_contact,fure_umi_SSR0124,fure_umi_SSR0124,497,3,thea03_5,DUR01_007
547,11,card_0000_contact,fure_ami_SSR0104,fure_ami_SSR0104,498,3,thea03_5,DUR01_007
548,31,card_0000_contact,fure_tom_SSR0114,fure_tom_SSR0114,502,3,thea03_5,DUR01_007
549,21,card_0000_contact,fure_mat_SSR0114,fure_mat_SSR0114,503,3,thea03_5,DUR01_007
550,42,card_0000_contact,fure_miy_SSR0114,fure_miy_SSR0114,509,3,thea03_5,DUR01_007
551,13,card_0000_contact,fure_hib_SSR0104,fure_hib_SSR0104,514,3,thea03_5,DUR01_007
552,8,card_0000_contact,fure_tak_SSR0094,fure_tak_SSR0094,515,3,thea03_5,DUR01_007
553,3,card_0000_contact,fure_mik_SSR0094,fure_mik_SSR0094,516,3,thea03_5,DUR01_007
554,52,card_0000_contact,fure_kao_SSR0104,fure_kao_SSR0104,519,3,thea03_5,DUR01_007
555,6,card_0000_contact,fure_mak_SSR0094,fure_mak_SSR0094,520,3,thea03_5,DUR01_007
556,49,card_0000_contact,fure_mom_SSR0104,fure_mom_SSR0104,526,3,thea03_5,DUR01_007
557,12,card_0000_contact,fure_mam_SSR0114,fure_mam_SSR0114,527,3,thea03_5,DUR01_007
558,43,card_0000_contact,fure_nor_SSR0114,fure_nor_SSR0114,533,3,thea03_5,DUR01_007
559,25,card_0000_contact,fure_roc_SSR0104,fure_roc_SSR0104,538,3,thea03_5,DUR01_007
560,4,card_0000_contact,fure_yuk_SSR0104,fure_yuk_SSR0104,539,3,thea03_5,DUR01_007
561,36,card_0000_contact,fure_kan_SSR0134,fure_kan_SSR0134,543,3,thea03_5,DUR01_007
562,34,card_0000_contact,fure_ayu_SSR0114,fure_ayu_SSR0114,544,3,thea03_5,DUR01_007
563,22,card_0000_contact,fure_ser_SSR0114,fure_ser_SSR0114,550,3,thea03_5,DUR01_007
564,14,card_0000_contact,fure_mir_SSR0134,fure_mir_SSR0134,555,3,thea03_5,DUR01_007
565,45,card_0000_contact,fure_kar_SSR0114,fure_kar_SSR0114,556,3,thea03_5,DUR01_007
566,35,card_0000_contact,fure_hin_SSR0114,fure_hin_SSR0114,560,3,thea03_5,DUR01_007
567,1,card_0000_contact,fure_har_SSR0114,fure_har_SSR0114,561,3,thea03_5,DUR01_007
568,51,card_0000_contact,fure_tmg_SSR0124,fure_tmg_SSR0124,567,3,thea03_5,DUR01_007
569,17,card_0000_contact,fure_kth_SSR0124,fure_kth_SSR0124,572,3,thea03_5,DUR01_007
570,20,card_0000_contact,fure_meg_SSR0114,fure_meg_SSR0114,573,3,thea03_5,DUR01_007
571,18,card_0000_contact,fure_ele_SSR0124,fure_ele_SSR0124,574,3,thea03_5,DUR01_007
572,16,card_0000_contact,fure_tsu_SSR0144,fure_tsu_SSR0144,627,3,thea03_5,DUR01_007
573,2,card_0000_contact,fure_chi_SSR0124,fure_chi_SSR0124,628,3,thea03_5,DUR01_007
574,46,card_0000_contact,fure_rio_SSR0124,fure_rio_SSR0124,631,3,thea03_5,DUR01_007
575,30,card_0000_contact,fure_iku_SSR0154,fure_iku_SSR0154,632,3,thea03_5,DUR01_007
576,32,card_0000_contact,fure_emi_SSR0144,fure_emi_SSR0144,639,3,thea03_5,DUR01_007
577,44,card_0000_contact,fure_miz_SSR0154,fure_miz_SSR0154,644,3,thea03_5,DUR01_007
578,13,card_0000_contact,fure_hib_SSR0124,fure_hib_SSR0124,645,3,thea03_5,DUR01_007
579,19,card_0000_contact,fure_min_SSR0124,fure_min_SSR0124,650,3,thea03_5,DUR01_007
580,23,card_0000_contact,fure_aka_SSR0134,fure_aka_SSR0134,651,3,thea03_5,DUR01_007
581,24,card_0000_contact,fure_ann_SSR0124,fure_ann_SSR0124,658,3,thea03_5,DUR01_007
582,41,card_0000_contact,fure_fuk_SSR0134,fure_fuk_SSR0134,663,3,thea03_5,DUR01_007
583,17,card_0000_contact,fure_kth_SSR0154,fure_kth_SSR0154,664,3,thea03_5,DUR01_007
584,28,card_0000_contact,fure_ari_SSR0144,fure_ari_SSR0144,669,3,thea03_5,DUR01_007
585,5,card_0000_contact,fure_yay_SSR0124,fure_yay_SSR0124,670,3,thea03_5,DUR01_007
586,13,card_0000_contact,fure_hib_SSR0134,fure_hib_SSR0134,677,3,thea03_5,DUR01_007
587,47,card_0000_contact,fure_sub_SSR0144,fure_sub_SSR0144,678,3,thea03_5,DUR01_007
588,49,card_0000_contact,fure_mom_SSR0144,fure_mom_SSR0144,685,3,thea03_5,DUR01_007
589,30,card_0000_contact,fure_iku_SSR0164,fure_iku_SSR0164,686,3,thea03_5,DUR01_007
590,17,card_0000_contact,fure_kth_SSR0144,fure_kth_SSR0144,9001,3,thea03_5,DUR01_007
591,2,card_0000_contact,fure_chi_SSR0144,fure_chi_SSR0144,9002,3,thea03_5,DUR01_007
592,3,card_0000_contact,fure_mik_SSR0124,fure_mik_SSR0124,9003,3,thea03_5,DUR01_007
593,201,card_0000_contact,fure_201xxx_SR0013,fure_201xxx_SR0013,373,0,,