mst_comic_id,mst_topics_icon_id,number,sort_id,begin_date,end_date
1,51,1,171201,2020-01-30T15:00:00+0800,2099-12-31T23:59:59+0800
2,52,1,171202,2020-01-30T15:00:00+0800,2099-12-31T23:59:59+0800
3,2,1,171203,2020-01-30T15:00:00+0800,2099-12-31T23:59:59+0800
4,37,1,171204,2020-01-30T15:00:00+0800,2099-12-31T23:59:59+0800
5,1,1,180301,2020-01-30T15:00:00+0800,2099-12-31T23:59:59+0800
6,45,1,180302,2020-01-30T15:00:00+0800,2099-12-31T23:59:59+0800
7,47,1,180303,2020-01-30T15:00:00+0800,2099-12-31T23:59:59+0800
8,44,1,180304,2020-01-31T15:00:00+0800,2099-12-31T23:59:59+0800
9,12,1,180305,2020-01-31T15:00:00+0800,2099-12-31T23:59:59+0800
10,8,1,180306,2020-03-31T15:00:00+0800,2099-12-31T23:59:59+0800
11,29,1,180307,2020-03-31T15:00:00+0800,2099-12-31T23:59:59+0800
12,48,1,180401,2020-03-31T15:00:00+0800,2099-12-31T23:59:59+0800
13,39,1,180402,2020-03-31T15:00:00+0800,2099-12-31T23:59:59+0800
14,6,1,180403,2020-03-31T15:00:00+0800,2099-12-31T23:59:59+0800
15,10,1,180404,2020-03-31T15:00:00+0800,2099-12-31T23:59:59+0800
16,49,1,180405,2020-03-31T15:00:00+0800,2099-12-31T23:59:59+0800
17,43,1,180501,2020-03-31T15:00:00+0800,2099-12-31T23:59:59+0800
18,22,1,180502,2020-03-31T15:00:00+0800,2099-12-31T23:59:59+0800
19,32,1,180503,2020-03-31T15:00:00+0800,2099-12-31T23:59:59+0800
20,28,1,180601,2020-03-31T15:00:00+0800,2099-12-31T23:59:59+0800
21,9,1,180602,2020-03-31T15:00:00+0800,2099-12-31T23:59:59+0800
22,908,1,180603,2020-04-01T15:00:00+0800,2099-12-31T23:59:59+0800
23,18,1,180604,2020-04-11T15:00:00+0800,2099-12-31T23:59:59+0800
24,13,1,180605,2020-04-11T15:00:00+0800,2099-12-31T23:59:59+0800
25,31,1,180606,2020-04-22T15:00:00+0800,2099-12-31T23:59:59+0800
26,5,1,180701,2020-04-30T15:00:00+0800,2099-12-31T23:59:59+0800
27,46,1,180702,2020-04-30T15:00:00+0800,2099-12-31T23:59:59+0800
28,7,1,180703,2020-05-11T15:00:00+0800,2099-12-31T23:59:59+0800
29,21,1,180704,2020-05-11T15:00:00+0800,2099-12-31T23:59:59+0800
30,23,1,180705,2020-05-22T15:00:00+0800,2099-12-31T23:59:59+0800
31,17,1,180801,2020-05-31T15:00:00+0800,2099-12-31T23:59:59+0800
32,3,1,180802,2020-05-31T15:00:00+0800,2099-12-31T23:59:59+0800
33,25,1,180803,2020-06-12T15:00:00+0800,2099-12-31T23:59:59+0800
34,11,1,180804,2020-06-12T15:00:00+0800,2099-12-31T23:59:59+0800
35,37,2,180805,2020-06-18T15:00:00+0800,2099-12-31T23:59:59+0800
36,14,1,180806,2020-06-29T15:00:00+0800,2099-12-31T23:59:59+0800
37,15,1,180807,2020-06-29T15:00:00+0800,2099-12-31T23:59:59+0800
38,16,1,180808,2020-06-29T15:00:00+0800,2099-12-31T23:59:59+0800
39,38,1,180809,2020-07-03T15:00:00+0800,2099-12-31T23:59:59+0800
40,39,2,180810,2020-07-03T15:00:00+0800,2099-12-31T23:59:59+0800
41,4,1,180901,2020-07-12T15:00:00+0800,2099-12-31T23:59:59+0800
42,24,1,180902,2020-07-12T15:00:00+0800,2099-12-31T23:59:59+0800
43,20,1,180903,2020-07-21T15:00:00+0800,2099-12-31T23:59:59+0800
44,26,1,180904,2020-07-21T15:00:00+0800,2099-12-31T23:59:59+0800
45,18,2,181001,2020-10-02T15:00:00+0800,2099-12-31T23:59:59+0800
46,33,1,181002,2020-10-02T15:00:00+0800,2099-12-31T23:59:59+0800
47,2,2,181003,2020-10-02T15:00:00+0800,2099-12-31T23:59:59+0800
48,19,1,181004,2020-10-02T15:00:00+0800,2099-12-31T23:59:59+0800
49,41,1,181005,2020-10-02T15:00:00+0800,2099-12-31T23:59:59+0800
50,27,1,181006,2020-10-02T15:00:00+0800,2099-12-31T23:59:59+0800
51,21,2,181101,2020-10-31T15:00:00+0800,2099-12-31T23:59:59+0800
52,40,1,181102,2020-10-31T15:00:00+0800,2099-12-31T23:59:59+0800
53,12,2,181103,2020-10-31T15:00:00+0800,2099-12-31T23:59:59+0800
54,49,2,181104,2020-10-31T15:00:00+0800,2099-12-31T23:59:59+0800
55,42,1,181105,2020-10-31T15:00:00+0800,2099-12-31T23:59:59+0800
56,46,2,181106,2020-10-31T15:00:00+0800,2099-12-31T23:59:59+0800
57,5,2,181201,2020-11-30T15:00:00+0800,2099-12-31T23:59:59+0800
58,7,2,181202,2020-11-30T15:00:00+0800,2099-12-31T23:59:59+0800
59,34,1,181203,2020-11-30T15:00:00+0800,2099-12-31T23:59:59+0800
60,28,2,181204,2020-11-30T15:00:00+0800,2099-12-31T23:59:59+0800
61,6,2,181205,2020-11-30T15:00:00+0800,2099-12-31T23:59:59+0800
62,35,1,181206,2020-11-30T15:00:00+0800,2099-12-31T23:59:59+0800
63,51,2,181207,2020-11-30T15:00:00+0800,2099-12-31T23:59:59+0800
64,44,2,181208,2020-11-30T15:00:00+0800,2099-12-31T23:59:59+0800
65,45,2,190101,2020-12-31T15:00:00+0800,2099-12-31T23:59:59+0800
66,31,2,190102,2020-12-31T15:00:00+0800,2099-12-31T23:59:59+0800
67,9,2,190103,2020-12-31T15:00:00+0800,2099-12-31T23:59:59+0800
68,29,2,190104,2020-12-31T15:00:00+0800,2099-12-31T23:59:59+0800
69,25,2,190201,2021-01-31T15:00:00+0800,2099-12-31T23:59:59+0800
70,27,2,190202,2021-01-31T15:00:00+0800,2099-12-31T23:59:59+0800
71,48,2,190203,2021-01-31T15:00:00+0800,2099-12-31T23:59:59+0800
72,5,3,190204,2021-01-31T15:00:00+0800,2099-12-31T23:59:59+0800
73,38,2,190205,2021-01-31T15:00:00+0800,2099-12-31T23:59:59+0800
74,10,2,190206,2021-01-31T15:00:00+0800,2099-12-31T23:59:59+0800
75,33,2,190207,2021-01-31T15:00:00+0800,2099-12-31T23:59:59+0800
76,36,1,190208,2021-01-31T15:00:00+0800,2099-12-31T23:59:59+0800
77,50,1,190301,2021-02-28T15:00:00+0800,2099-12-31T23:59:59+0800
78,43,2,190302,2021-02-28T15:00:00+0800,2099-12-31T23:59:59+0800
79,3,2,190303,2021-02-28T15:00:00+0800,2099-12-31T23:59:59+0800
80,14,2,190304,2021-02-28T15:00:00+0800,2099-12-31T23:59:59+0800
81,30,1,190305,2021-02-28T15:00:00+0800,2099-12-31T23:59:59+0800
82,42,2,190401,2021-03-29T15:00:00+0800,2099-12-31T23:59:59+0800
83,51,3,190402,2021-03-29T15:00:00+0800,2099-12-31T23:59:59+0800
84,23,2,190403,2021-03-29T15:00:00+0800,2099-12-31T23:59:59+0800
85,47,2,190404,2021-03-29T15:00:00+0800,2099-12-31T23:59:59+0800
86,37,3,190405,2021-03-29T15:00:00+0800,2099-12-31T23:59:59+0800
87,39,3,190406,2021-03-29T15:00:00+0800,2099-12-31T23:59:59+0800
88,15,2,190407,2021-03-29T15:00:00+0800,2099-12-31T23:59:59+0800
89,2,3,190408,2021-03-29T15:00:00+0800,2099-12-31T23:59:59+0800
90,17,2,190409,2021-03-29T15:00:00+0800,2099-12-31T23:59:59+0800
91,11,2,190501,2021-04-30T15:00:00+0800,2099-12-31T23:59:59+0800
92,29,3,190502,2021-04-30T15:00:00+0800,2099-12-31T23:59:59+0800
93,21,3,190503,2021-04-30T15:00:00+0800,2099-12-31T23:59:59+0800
94,31,3,190504,2021-04-30T15:00:00+0800,2099-12-31T23:59:59+0800
95,42,3,190505,2021-04-30T15:00:00+0800,2099-12-31T23:59:59+0800
96,32,2,190506,2021-04-30T15:00:00+0800,2099-12-31T23:59:59+0800
97,33,3,190507,2021-04-30T15:00:00+0800,2099-12-31T23:59:59+0800
98,13,2,190601,2021-05-31T15:00:00+0800,2099-12-31T23:59:59+0800
99,3,3,190602,2021-05-31T15:00:00+0800,2099-12-31T23:59:59+0800
100,8,2,190603,2021-05-31T15:00:00+0800,2099-12-31T23:59:59+0800
101,26,2,190604,2021-05-31T15:00:00+0800,2099-12-31T23:59:59+0800
102,52,2,190605,2021-05-31T15:00:00+0800,2099-12-31T23:59:59+0800
103,6,3,190606,2021-05-31T15:00:00+0800,2099-12-31T23:59:59+0800
104,12,3,190607,2021-05-31T15:00:00+0800,2099-12-31T23:59:59+0800
105,49,3,190608,2021-05-31T15:00:00+0800,2099-12-31T23:59:59+0800
106,24,2,190609,2021-05-31T15:00:00+0800,2099-12-31T23:59:59+0800
107,7,3,190610,2021-05-31T15:00:00+0800,2099-12-31T23:59:59+0800
108,43,3,190701,2021-07-03T15:00:00+0800,2099-12-31T23:59:59+0800
109,25,3,190702,2021-07-03T15:00:00+0800,2099-12-31T23:59:59+0800
110,4,2,190703,2021-07-03T15:00:00+0800,2099-12-31T23:59:59+0800
111,36,2,190704,2021-07-03T15:00:00+0800,2099-12-31T23:59:59+0800
112,34,2,190705,2021-07-03T15:00:00+0800,2099-12-31T23:59:59+0800
113,22,2,190706,2021-07-03T15:00:00+0800,2099-12-31T23:59:59+0800
114,30,2,190707,2021-07-03T15:00:00+0800,2099-12-31T23:59:59+0800
115,48,3,190708,2021-07-03T15:00:00+0800,2099-12-31T23:59:59+0800
116,14,3,190709,2021-07-03T15:00:00+0800,2099-12-31T23:59:59+0800
117,45,3,190710,2021-07-03T15:00:00+0800,2099-12-31T23:59:59+0800
118,1,2,190801,2021-07-31T15:00:00+0800,2099-12-31T23:59:59+0800
119,35,2,190802,2021-07-31T15:00:00+0800,2099-12-31T23:59:59+0800
120,10,3,190803,2021-07-31T15:00:00+0800,2099-12-31T23:59:59+0800
121,28,3,190804,2021-07-31T15:00:00+0800,2099-12-31T23:59:59+0800
122,51,4,190805,2021-07-31T15:00:00+0800,2099-12-31T23:59:59+0800
123,18,3,190806,2021-07-31T15:00:00+0800,2099-12-31T23:59:59+0800
124,20,2,190807,2021-07-31T15:00:00+0800,2099-12-31T23:59:59+0800
125,17,3,190807,2021-07-31T15:00:00+0800,2099-12-31T23:59:59+0800
126,16,2,190901,2021-08-31T15:00:00+0800,2099-12-31T23:59:59+0800
127,2,4,190902,2021-08-31T15:00:00+0800,2099-12-31T23:59:59+0800
128,8,3,190903,2021-08-31T15:00:00+0800,2099-12-31T23:59:59+0800
129,46,3,190904,2021-08-31T15:00:00+0800,2099-12-31T23:59:59+0800
130,30,3,190905,2021-08-31T15:00:00+0800,2099-12-31T23:59:59+0800
131,32,3,190906,2021-08-31T15:00:00+0800,2099-12-31T23:59:59+0800
132,38,3,190907,2021-08-31T15:00:00+0800,2099-12-31T23:59:59+0800
133,40,2,190908,2021-08-31T15:00:00+0800,2099-12-31T23:59:59+0800
